latitude,longitude,size,data,data_size
41.375,9.125,0.25,0.003257594001601131,3376.7252747252787
41.625,8.875,0.25,0.001253888547220845,11962.785714285721
41.625,9.125,0.25,0.0003596574954005327,8341.26923076926
41.625,9.375,0.25,0.0030848671054217974,17180.64285714287
41.875,8.625,0.25,0.00040465633721738686,81550.68131868143
41.875,8.875,0.25,0.0026705307719414105,24339.730769230788
41.875,9.375,0.25,0.0012157110615512157,6580.510989010997
42.125,8.625,0.25,0.000165697216559889,6035.104395604399
42.125,8.875,0.25,0.0002712470658370275,11060.0274725275
42.125,9.125,0.25,0.00036084119616873884,2771.302197802198
42.125,9.375,0.25,0.0005148161168963938,13597.087912087925
42.375,1.875,0.25,0.001724650539130972,4638.620879120875
42.375,2.125,0.25,0.0023602377745032734,3389.489010989009
42.375,2.375,0.25,0.001576228397226877,1268.8516483516485
42.375,2.625,0.25,0.001324738397760824,9813.25824175823
42.375,2.875,0.25,0.00013148507698559613,15210.851648351661
42.375,3.125,0.25,0.002041451561794571,5878.170329670328
42.375,8.625,0.25,0.0008613305190226254,1160.994505494507
42.375,8.875,0.25,0.0002811466457814876,3556.862637362633
42.375,9.125,0.25,0.0006179549377946382,11327.686813186812
42.625,1.625,0.25,0.0021036449694566946,950.7307692307686
42.625,1.875,0.25,0.0025267600549778594,3957.637362637358
42.625,2.125,0.25,0.0023246029241611446,7313.076923076922
42.625,2.375,0.25,0.0013448482889207032,17845.87912087913
42.625,2.625,0.25,0.0008311107969329638,30080.22527472527
42.625,2.875,0.25,0.0011229603189625637,303661.664835165
42.625,3.125,0.25,0.001441278238721178,51343.313186813226
42.625,8.875,0.25,0.0010206674834761379,18615.26923076922
42.625,9.125,0.25,0.00033600971843493265,2976.1043956044005
42.625,9.375,0.25,0.0006911835737456782,101275.55494505513
42.875,-0.125,0.25,0.00390988331616029,6905.57692307693
42.875,0.125,0.25,0.00102524044329444,11704.57142857142
42.875,0.375,0.25,0.00397898780822455,7288.285714285712
42.875,0.625,0.25,0.0016334181454293463,8570.983516483515
42.875,0.875,0.25,0.001380615625610421,2897.2582417582394
42.875,1.125,0.25,0.0004616750517904701,12996.153846153858
42.875,1.375,0.25,0.0019516265666872333,5636.324175824183
42.875,1.625,0.25,0.0009364658630995696,29899.648351648353
42.875,1.875,0.25,0.001086687835186475,18404.549450549443
42.875,2.125,0.25,0.0010611758728254876,13192.912087912055
42.875,2.375,0.25,0.0034842894283085113,4305.038461538462
42.875,2.625,0.25,0.001734124240791303,10379.879120879119
42.875,2.875,0.25,0.004408708611269127,35611.335164835196
42.875,3.125,0.25,0.00118698107709802,26116.675824175793
42.875,9.375,0.25,0.0009109924123592134,8781.631868131872
43.125,-1.375,0.25,0.00030593994163607274,6537.230769230768
43.125,-1.125,0.25,0.0005443804681073808,7347.802197802195
43.125,-0.625,0.25,0.0002453356380247901,28532.340659340654
43.125,-0.375,0.25,0.00014976768727585247,33385.03846153847
43.125,-0.125,0.25,0.0012548675176004985,51798.296703296684
43.125,0.125,0.25,0.0017437239351595294,100359.92307692309
43.125,0.375,0.25,0.001720426854917916,23250.043956043955
43.125,0.625,0.25,0.0012047272160570052,38182.917582417576
43.125,0.875,0.25,0.0022400512702692894,25445.84615384616
43.125,1.125,0.25,0.0009684229052891809,26847.774725274736
43.125,1.375,0.25,0.001114504878583266,12561.631868131875
43.125,1.625,0.25,0.0015131011913289277,54193.33516483519
43.125,1.875,0.25,0.0007135737586081912,12612.571428571431
43.125,2.125,0.25,0.0022573375096833466,31895.983516483528
43.125,2.375,0.25,0.001744260463734752,77396.6978021978
43.125,2.625,0.25,0.0026675578068570895,20618.10989010989
43.125,2.875,0.25,0.003519669908269407,41765.28021978024
43.125,3.125,0.25,0.0011773733783481126,87482.86813186812
43.125,3.375,0.25,0.0032796085063880294,4268.802197802197
43.125,5.375,0.25,0.00015972870693468303,162776.0000000002
43.125,5.625,0.25,0.0020369908410744642,76583.55494505499
43.125,5.875,0.25,0.0008542809366464001,382778.0604395604
43.125,6.125,0.25,0.00175589965292192,178825.70879120886
43.125,6.375,0.25,0.001334242753795836,19486.708791208832
43.125,6.625,0.25,0.00253394618656903,29203.461538461557
43.375,-1.875,0.25,0.001063807401761475,18800.395604395657
43.375,-1.625,0.25,0.002323016831181813,136460.4835164837
43.375,-1.375,0.25,0.0008440814957813148,124395.57142857148
43.375,-0.875,0.25,0.00042175266933253835,30823.75274725273
43.375,-0.625,0.25,0.0007865997970399648,38138.83516483515
43.375,-0.375,0.25,0.0005713676738087065,196020.89010989014
43.375,-0.125,0.25,0.000290028615853228,24135.549450549468
43.375,0.125,0.25,0.0009637336009565993,39429.9835164835
43.375,0.375,0.25,0.00038157476113577217,10482.873626373621
43.375,0.625,0.25,0.0006159698648589195,12987.648351648346
43.375,0.875,0.25,0.0005517703452998529,14498.78571428571
43.375,1.125,0.25,0.0009962184205602829,50189.79670329677
43.375,1.375,0.25,0.0005673903854159316,116322.02747252757
43.375,1.625,0.25,0.002146343594055403,50318.131868131924
43.375,1.875,0.25,0.0019276015756593422,42021.13186813187
43.375,2.125,0.25,0.001495148396021075,28090.85714285713
43.375,2.375,0.25,0.0011916771061775472,38601.06043956045
43.375,2.625,0.25,0.0013602414220917163,19849.417582417576
43.375,2.875,0.25,0.0007169902003736722,26499.664835164847
43.375,3.125,0.25,0.0010220755650502556,152630.59340659363
43.375,3.375,0.25,0.0019296862843742153,116599.26373626376
43.375,3.625,0.25,0.0008043994548312069,128045.83516483518
43.375,3.875,0.25,0.0036584102460226766,3553.4560439560446
43.375,4.875,0.25,0.0010096969880665778,40606.241758241755
43.375,5.125,0.25,0.0020925764982759687,151010.01098901092
43.375,5.375,0.25,0.0013196603574882977,879771.8241758242
43.375,5.625,0.25,0.0011756933359442334,209238.23626373647
43.375,5.875,0.25,0.0012516906004865873,46337.329670329746
43.375,6.125,0.25,0.0012058046672824808,70492.34615384621
43.375,6.375,0.25,0.0012300509558746235,65037.95604395614
43.375,6.625,0.25,0.004294136797852876,61246.30219780222
43.375,6.875,0.25,0.0010486220935057556,99177.76923076928
43.625,-1.375,0.25,0.0010195764553439545,101022.34065934067
43.625,-1.125,0.25,0.0021587212978574806,79213.56043956049
43.625,-0.875,0.25,0.00032072134812927817,31179.71428571429
43.625,-0.625,0.25,0.0006821550853349775,23455.076923076922
43.625,-0.375,0.25,0.00037201943699355144,21504.25274725275
43.625,-0.125,0.25,0.0012426107034003919,13680.873626373625
43.625,0.125,0.25,0.0004080294364093411,9803.214285714283
43.625,0.625,0.25,0.0014061167060009428,39114.818681318706
43.625,0.875,0.25,0.0002164621872076793,18478.978021978033
43.625,1.125,0.25,0.000595255974085873,82317.52747252755
43.625,1.375,0.25,0.0019888628435152217,906045.3846153863
43.625,1.625,0.25,0.0015028563746259346,144391.70879120898
43.625,1.875,0.25,0.0020694954575839896,34307.87912087915
43.625,2.125,0.25,0.0024255880252878237,73796.53846153845
43.625,2.375,0.25,0.004498277774977519,28233.027472527465
43.625,2.625,0.25,0.0029496006008907405,8814.752747252744
43.625,2.875,0.25,0.0016424006482970471,6088.648351648351
43.625,3.125,0.25,0.000618920256205781,25851.47252747252
43.625,3.375,0.25,0.0010861612756295571,54319.74175824177
43.625,3.625,0.25,0.0006353849393565406,73970.90659340663
43.625,3.875,0.25,0.001159013895044371,540977.1208791214
43.625,4.125,0.25,0.0009007472348774412,155426.51098901112
43.625,4.375,0.25,0.0004432739270497764,40606.94505494507
43.625,4.625,0.25,0.00072251139061325,58130.57142857143
43.625,4.875,0.25,0.0011602148766431553,69814.65384615387
43.625,5.125,0.25,0.0009097668650885657,174770.04945054947
43.625,5.375,0.25,0.0016927213131947521,222127.5274725274
43.625,5.625,0.25,0.0005686578224013685,54514.329670329695
43.625,5.875,0.25,0.00035765967748235084,22367.631868131877
43.625,6.125,0.25,0.001098586354772769,18205.21428571429
43.625,6.375,0.25,0.0005993113811709642,63406.10439560437
43.625,6.625,0.25,0.0010541045644423788,26562.829670329713
43.625,6.875,0.25,0.0021824599245061035,145707.14285714284
43.625,7.125,0.25,0.0012060371962401765,781899.598901099
43.625,7.375,0.25,0.01252286056631143,48790.76923076915
43.875,-1.375,0.25,0.002678345430036313,9334.120879120903
43.875,-1.125,0.25,0.0006430855543275763,13995.02747252749
43.875,-0.875,0.25,0.0005450754529272074,20180.69230769232
43.875,-0.625,0.25,0.00015354415339297134,32563.9230769231
43.875,-0.375,0.25,0.0008006202812278483,53708.35714285714
43.875,-0.125,0.25,0.0003820168038417178,15706.115384615381
43.875,0.375,0.25,0.00039015397147802977,20504.72527472527
43.875,0.625,0.25,0.00021396051194167126,18695.038461538446
43.875,0.875,0.25,0.0003924145406836314,10193.302197802199
43.875,1.125,0.25,0.00045820759636442467,34918.67032967034
43.875,1.375,0.25,0.00294885630552491,80031.0274725275
43.875,1.625,0.25,0.0015714478553421512,45181.26373626389
43.875,1.875,0.25,0.0037018797949020577,43491.41758241765
43.875,2.125,0.25,0.0021918359608375086,115428.3461538462
43.875,2.375,0.25,0.007849670189853112,12229.813186813191
43.875,2.625,0.25,0.002010811981345854,4973.115384615379
43.875,2.875,0.25,0.000710095270524307,15490.879120879123
43.875,3.125,0.25,0.008236275513975268,3642.423076923078
43.875,3.375,0.25,0.0032138609439028533,5289.587912087918
43.875,3.625,0.25,0.001454890645882515,21994.780219780216
43.875,3.875,0.25,0.0004914967849325173,32553.62087912092
43.875,4.125,0.25,0.0005091586040416733,62848.78571428576
43.875,4.375,0.25,0.001825506193288163,244315.79670329677
43.875,4.625,0.25,0.0008881108096254772,91204.83516483521
43.875,4.875,0.25,0.002041700944603328,258118.1153846154
43.875,5.125,0.25,0.0006974260095862042,96067.53846153851
43.875,5.375,0.25,0.0006616803773098489,33248.681318681345
43.875,5.625,0.25,0.00027955758220580136,21462.483516483528
43.875,5.875,0.25,0.001928895472412466,62211.76923076926
43.875,6.125,0.25,0.0022264101447098637,8084.763736263735
43.875,6.375,0.25,0.0028635712824708563,3142.928571428568
43.875,6.625,0.25,0.004017934195791002,5475.450549450551
43.875,6.875,0.25,0.00606771944192027,6427.456043956038
43.875,7.125,0.25,0.0024821450343409843,53582.6868131869
43.875,7.375,0.25,0.0011173215910610342,89499.74725274726
43.875,7.625,0.25,0.0025885627787429026,2704.203296703295
44.125,-1.375,0.25,0.004507739938080504,1774.7252747252714
44.125,-1.125,0.25,0.0006977087829059259,15765.890109890106
44.125,-0.875,0.25,0.0036432927489060364,10155.648351648357
44.125,0.375,0.25,4.19464827413271e-05,23839.901098901104
44.125,0.625,0.25,0.0015927993862819051,91662.51648351645
44.125,0.875,0.25,0.00046798963737231533,25641.593406593405
44.125,1.125,0.25,0.0008517902397420556,50481.912087912075
44.125,1.375,0.25,0.0009186329854684351,94705.93956043982
44.125,1.625,0.25,0.0012992965237392888,26937.653846153866
44.125,1.875,0.25,0.002622384675590845,9533.307692307686
44.125,2.125,0.25,0.002186192751329583,31104.302197802204
44.125,2.375,0.25,0.0016017023066273335,11862.379120879115
44.125,2.625,0.25,0.0012852186738036323,10893.087912087909
44.125,2.875,0.25,0.0043250977618432065,8785.928571428572
44.125,3.125,0.25,0.0008658962175630323,31181.565934065944
44.125,3.375,0.25,0.0026207172806327417,4197.324175824177
44.125,3.625,0.25,0.001721599132263589,5227.6978021977975
44.125,3.875,0.25,0.001404020005104918,16381.532967032961
44.125,4.125,0.25,0.0007279845241941596,122255.34615384619
44.125,4.375,0.25,0.000680078029612167,29408.390109890104
44.125,4.625,0.25,0.0016385092863864213,68965.12637362642
44.125,4.875,0.25,0.0012117912885256414,123783.69230769233
44.125,5.125,0.25,0.00043424370902208427,80599.90109890114
44.125,5.375,0.25,0.00034629267058243756,5775.46153846154
44.125,5.625,0.25,0.00144337623147948,5542.560439560441
44.125,5.875,0.25,0.0046202599829550835,25756.126373626383
44.125,6.125,0.25,0.001289724954978642,30239.005494505487
44.125,6.375,0.25,0.0006582695107285269,3038.269230769232
44.125,6.625,0.25,0.001613532394765771,2479.0329670329684
44.125,6.875,0.25,0.007130377932067968,4487.84065934066
44.125,7.125,0.25,0.010525737452251034,3800.208791208791
44.125,7.375,0.25,0.003043482502065916,3942.8516483516496
44.375,-1.125,0.25,0.001247688943507469,33662.23626373633
44.375,-0.875,0.25,0.000547596517647197,14609.296703296792
44.375,-0.125,0.25,0.000594199050152141,15146.439560439561
44.375,0.125,0.25,0.0022427924702731906,21847.763736263747
44.375,0.375,0.25,0.0002757044817581343,36270.71978021976
44.375,0.625,0.25,0.0006260791287614652,60695.20329670328
44.375,0.875,0.25,9.152236389191311e-05,21852.582417582413
44.375,1.125,0.25,0.0007370998664006493,10853.346153846152
44.375,1.375,0.25,0.0012045853135634848,41508.060439560446
44.375,1.625,0.25,0.0010593143267897392,11328.082417582418
44.375,1.875,0.25,0.0007812889034653168,12799.362637362638
44.375,2.125,0.25,0.0018017475466245486,26640.8021978022
44.375,2.375,0.25,0.0008638578944270718,23151.95604395606
44.375,2.625,0.25,0.0012096930876725823,75225.69230769237
44.375,2.875,0.25,0.001816054319315566,8259.66483516484
44.375,3.125,0.25,0.0019617001401214394,9175.714285714283
44.375,3.375,0.25,0.0011425638788160337,7001.796703296704
44.375,3.625,0.25,0.0016645037263848536,6007.796703296703
44.375,3.875,0.25,0.0010904153538869633,7336.653846153849
44.375,4.125,0.25,0.0010517581716781772,29474.456043956034
44.375,4.375,0.25,0.0034494920528185926,20002.945054945074
44.375,4.625,0.25,0.00103146626024164,63017.087912087925
44.375,4.875,0.25,0.0005578588622651484,59154.74725274726
44.375,5.125,0.25,0.0009260319277491577,19437.774725274718
44.375,5.375,0.25,0.0024327691328826623,6165.813186813186
44.375,5.625,0.25,0.002065510737251145,4841.417582417584
44.375,5.875,0.25,0.0010300477764834054,11649.945054945056
44.375,6.125,0.25,0.00211793980011627,10859.609890109887
44.375,6.375,0.25,0.002291851721262011,5672.269230769228
44.375,6.625,0.25,0.004377044223950748,6397.010989010986
44.375,6.875,0.25,0.005905040779660056,1354.774725274725
44.625,-1.125,0.25,0.0015135978470318088,72674.52197802202
44.625,-0.875,0.25,0.001710837565104817,49098.75824175839
44.625,-0.625,0.25,0.00041651053172392166,64824.29120879129
44.625,-0.375,0.25,0.0005358185444190622,65320.620879120965
44.625,-0.125,0.25,0.000926184874869483,48586.4120879121
44.625,0.125,0.25,0.00022747031512387636,43961.780219780216
44.625,0.375,0.25,9.732789473613845e-05,20549.09340659341
44.625,0.625,0.25,0.0004433850843308686,11276.87912087912
44.625,1.125,0.25,0.0013536041756457612,14775.368131868123
44.625,1.375,0.25,0.0017065032230589043,18165.80219780221
44.625,1.625,0.25,0.002316718304875037,6474.675824175825
44.625,1.875,0.25,0.0006734336193027947,13364.346153846156
44.625,2.125,0.25,0.0012277468914910837,35023.50549450549
44.625,2.375,0.25,0.0013085046123760518,21398.472527472502
44.625,2.625,0.25,0.00194776094445002,8214.560439560433
44.625,2.875,0.25,0.0014052704397598875,11385.708791208795
44.625,3.125,0.25,0.0003171894919652592,6305.379120879117
44.625,3.375,0.25,0.0009221969772207215,27109.175824175818
44.625,3.625,0.25,0.0013543934066342956,4430.027472527471
44.625,3.875,0.25,0.0019482656956263042,6159.324175824176
44.625,4.125,0.25,0.0014903617812279933,8051.73626373626
44.625,4.375,0.25,0.0009345053642568406,58854.664835164855
44.625,4.625,0.25,0.0010467393011317002,90758.03296703307
44.625,4.875,0.25,0.0037718130957973715,41624.54395604398
44.625,5.125,0.25,0.0010781755560083203,25969.79670329673
44.625,5.375,0.25,0.0006507824884682774,9219.670329670329
44.625,5.625,0.25,0.0014253883595894564,2806.252747252748
44.625,5.875,0.25,0.0015725878921101007,9538.417582417589
44.625,6.125,0.25,0.0017636792764889654,58967.63736263739
44.625,6.375,0.25,0.0026431846017553455,14754.928571428572
44.625,6.625,0.25,0.0029276688838664527,8197.648351648353
44.625,6.875,0.25,0.006494510592237537,923.8571428571395
44.875,-1.125,0.25,0.0026796215388221736,38065.076923077
44.875,-0.875,0.25,9.145930098795279e-05,65602.95054945076
44.875,-0.625,0.25,0.0008664243709650249,848314.0879120884
44.875,-0.375,0.25,0.0007914671596527654,145299.7747252749
44.875,-0.125,0.25,0.0007974289488615827,72733.75274725273
44.875,0.125,0.25,0.0005367829008101881,29807.2087912088
44.875,0.375,0.25,0.0007990782920150104,57566.32417582419
44.875,0.625,0.25,0.0008521698374486035,23469.5
44.875,0.875,0.25,0.00018063273065079392,16608.285714285714
44.875,1.125,0.25,0.0012771645131543004,26621.472527472502
44.875,1.375,0.25,0.0004597559195679756,19575.604395604387
44.875,1.625,0.25,0.0012816700378259114,17165.104395604394
44.875,1.875,0.25,0.0008018223488154455,23696.021978021978
44.875,2.125,0.25,0.0009792112641577072,8169.840659340655
44.875,2.375,0.25,0.0006494993338146864,56966.95604395608
44.875,2.625,0.25,0.0009747702327308569,12310.5934065934
44.875,2.875,0.25,0.0002654709776041682,7533.780219780219
44.875,3.125,0.25,0.00039032257372700175,5123.96703296703
44.875,3.375,0.25,0.0036281775833446727,11024.818681318677
44.875,3.625,0.25,0.0010471545588621684,5729.813186813189
44.875,3.875,0.25,0.0007119720844351947,14045.49450549451
44.875,4.125,0.25,0.0011935208866155167,8378.571428571422
44.875,4.375,0.25,0.0014369533881195319,9742.83516483516
44.875,4.625,0.25,0.0004513642608786227,26586.065934065933
44.875,4.875,0.25,0.0020768484021722313,182006.543956044
44.875,5.125,0.25,0.0005440278988666086,27572.11538461538
44.875,5.375,0.25,0.0025800232485611407,3875.9340659340664
44.875,5.625,0.25,0.0013631637757951353,11737.401098901104
44.875,5.875,0.25,0.0008266001753119054,16936.846153846152
44.875,6.125,0.25,0.0026679566676928025,2998.549450549452
44.875,6.375,0.25,0.0012576240579336272,4770.901098901098
44.875,6.625,0.25,0.0025901907200341578,20075.741758241747
44.875,6.875,0.25,0.0031410992121363836,1273.4395604395586
45.125,-1.125,0.25,0.004907917305760959,6723.829670329673
45.125,-0.875,0.25,0.00014060155835968967,28449.186813186818
45.125,-0.625,0.25,0.0002862219364895536,52406.88461538468
45.125,-0.375,0.25,0.0018913462605682472,51286.219780219806
45.125,-0.125,0.25,0.0007282072126178798,39823.82967032969
45.125,0.125,0.25,0.0005492595809833457,21847.593406593405
45.125,0.375,0.25,0.00031487259770277557,28582.98901098902
45.125,0.625,0.25,0.000873753780665397,78969.61538461539
45.125,0.875,0.25,0.0010047044457619685,34836.1153846154
45.125,1.125,0.25,0.0010914102746482656,16492.423076923067
45.125,1.375,0.25,0.004054965531226421,31566.236263736257
45.125,1.625,0.25,0.000487449638493982,86162.74725274727
45.125,1.875,0.25,0.0008309485956544774,16848.214285714297
45.125,2.125,0.25,0.0007882302498516664,5074.659340659335
45.125,2.375,0.25,0.000141517338012218,14132.543956043946
45.125,2.875,0.25,0.0009419241647539231,8493.25274725274
45.125,3.125,0.25,0.0007582740931698045,15825.412087912086
45.125,3.375,0.25,0.0007701085063139036,7791.1098901098785
45.125,3.625,0.25,0.0007755080083452334,10315.818681318679
45.125,3.875,0.25,0.0007527240364275007,63768.39010989011
45.125,4.125,0.25,0.0007489409231696248,37386.126373626386
45.125,4.375,0.25,0.0008355719507219142,19148.56043956045
45.125,4.625,0.25,0.0006851989612364919,46701.76373626377
45.125,4.875,0.25,0.0014154721999704459,86190.3186813187
45.125,5.125,0.25,0.001449478313906298,82788.40659340657
45.125,5.375,0.25,0.0005130522070342481,42880.62637362638
45.125,5.625,0.25,0.0013061951166478015,360589.31318681315
45.125,5.875,0.25,0.001252962409436809,136476.5604395605
45.125,6.125,0.25,0.006410006102215565,7176.280219780209
45.125,6.375,0.25,0.0011965861135195333,6685.6868131868105
45.125,6.625,0.25,0.005004390871798577,6394.384615384611
45.375,-1.125,0.25,0.0013743967505837396,10913.879120879132
45.375,-0.875,0.25,0.0002892025742207156,20746.703296703297
45.375,-0.625,0.25,0.0063315694381526205,21795.54395604396
45.375,-0.375,0.25,0.00012201283637609361,24587.576923076926
45.375,-0.125,0.25,0.0003619042127042298,16578.972527472528
45.375,0.125,0.25,0.00014990923078443723,13341.406593406582
45.375,0.375,0.25,0.0005650199852535995,10619.093406593403
45.375,0.625,0.25,0.00018125323666494037,16551.42857142858
45.375,1.125,0.25,0.00015137382139469356,13212.324175824171
45.375,1.375,0.25,0.0007531282062835629,23900.313186813186
45.375,1.625,0.25,0.0009326324241960713,21444.675824175843
45.375,1.875,0.25,0.0019524634272603536,24072.153846153826
45.375,2.125,0.25,0.00038853820824964817,12868.747252747253
45.375,2.375,0.25,0.00029821277153542735,13413.241758241747
45.375,2.625,0.25,0.00044359003262945903,9017.335164835167
45.375,3.125,0.25,0.003673599501092057,7894.1648351648355
45.375,3.375,0.25,0.0009196542052630137,36970.41758241759
45.375,3.625,0.25,0.0009484967740686645,7380.098901098898
45.375,3.875,0.25,0.0004904016892811304,12234.868131868132
45.375,4.125,0.25,0.0004466215323111828,49258.70879120879
45.375,4.375,0.25,0.001490694062867637,319314.3461538462
45.375,4.625,0.25,0.0005865762841025053,92059.63736263738
45.375,4.875,0.25,0.001664491016255177,99730.18681318683
45.375,5.125,0.25,0.0005567220362233608,39517.0274725275
45.375,5.375,0.25,0.00044863673369749645,73556.17032967033
45.375,5.625,0.25,0.0008579115621246505,103740.2967032967
45.375,5.875,0.25,0.0010707148227052194,66310.84065934067
45.375,6.125,0.25,0.0008924990131020527,38095.28021978022
45.375,6.375,0.25,0.0013321791225486392,25522.093406593398
45.375,6.625,0.25,0.0006139039116697965,14660.274725274718
45.375,6.875,0.25,0.009784216577674589,6336.736263736255
45.375,7.125,0.25,0.01243562259251985,643.3131868131861
45.625,-1.125,0.25,0.0007784631726515934,52667.873626373635
45.625,-0.875,0.25,0.0005639110064536344,46106.56593406598
45.625,-0.625,0.25,0.0008737286128518118,61804.08791208791
45.625,-0.375,0.25,0.0005382525845313221,52020.1868131868
45.625,-0.125,0.25,0.0004478388961087581,31261.241758241755
45.625,0.125,0.25,0.0012071869496197423,135024.6538461538
45.625,0.375,0.25,0.000142453821871671,28079.27472527473
45.625,0.625,0.25,0.00012154819001722046,16454.37912087912
45.625,0.875,0.25,0.00030046588721633217,13312.65934065934
45.625,1.125,0.25,0.00012798883824812819,23439.54395604395
45.625,1.375,0.25,0.00046649254362565766,15005.598901098901
45.625,1.625,0.25,0.0008229217157284754,12151.824175824178
45.625,2.375,0.25,6.68004878637828e-05,14969.950549450547
45.625,2.625,0.25,0.0019561925721110892,8179.153846153847
45.625,2.875,0.25,0.0012744485479594017,17262.36813186814
45.625,3.125,0.25,0.0007700183276831918,123373.68681318685
45.625,3.375,0.25,0.0016957467522589664,28895.824175824193
45.625,3.625,0.25,0.0011797327302037013,11019.44505494505
45.625,3.875,0.25,0.00028177282793402924,17744.79120879121
45.625,4.125,0.25,0.0009594680751165967,83379.53296703302
45.625,4.375,0.25,0.0006741066202270344,83072.91208791213
45.625,4.625,0.25,0.0004778462808316062,144397.90109890111
45.625,4.875,0.25,0.0011176868641860143,725605.7362637367
45.625,5.125,0.25,0.0010179545073656104,162089.75824175833
45.625,5.375,0.25,0.0006523957995095617,118026.51098901115
45.625,5.625,0.25,0.0012226579608512862,75245.90109890113
45.625,5.875,0.25,0.002315031030282137,219003.54395604407
45.625,6.125,0.25,0.0008409926699277937,30915.846153846167
45.625,6.375,0.25,0.0014323886303724731,64228.37912087912
45.625,6.625,0.25,0.0022698208210050444,16300.846153846156
45.625,6.875,0.25,0.0018316393045976758,13103.016483516476
45.875,-1.375,0.25,0.0005613818630475015,14250.54945054945
45.875,-1.125,0.25,0.0006738443754083825,40068.598901098914
45.875,-0.875,0.25,0.000580162307871568,65498.91208791205
45.875,-0.625,0.25,0.0019128243890148648,38163.461538461546
45.875,-0.125,0.25,0.0007802997465740767,12815.587912087914
45.875,0.125,0.25,0.0006189378463003402,22619.39560439561
45.875,0.375,0.25,0.0012513199305357009,19179.74725274726
45.875,0.625,0.25,0.0002701727769753415,14805.340659340662
45.875,0.875,0.25,0.0006349676449484214,28347.9010989011
45.875,1.125,0.25,0.00016608835181665133,192668.53846153835
45.875,1.375,0.25,0.0038888551640604615,61457.67582417584
45.875,1.875,0.25,0.0010433494498338091,4792.258241758243
45.875,2.375,0.25,0.0004958263409105772,6050.505494505491
45.875,2.875,0.25,0.0027074154784646853,20314.576923076937
45.875,3.125,0.25,0.001469422188920952,316450.9175824177
45.875,3.375,0.25,0.0005580791510026315,46588.37362637366
45.875,3.625,0.25,0.001104615072331045,32590.53846153845
45.875,3.875,0.25,0.0009012297470897494,15534.329670329673
45.875,4.125,0.25,0.0009094564734437182,39584.082417582424
45.875,4.375,0.25,0.0002566297185674421,46759.97802197803
45.875,4.625,0.25,0.0006699655576718342,189561.98351648363
45.875,4.875,0.25,0.0009441601355124466,865319.3131868144
45.875,5.125,0.25,0.0007547935451434162,137786.02197802215
45.875,5.375,0.25,0.0016257957183336365,67044.09340659344
45.875,5.625,0.25,0.00032362967873827086,18539.7087912088
45.875,5.875,0.25,0.0004892879310821973,69488.73626373633
45.875,6.125,0.25,0.0012934452706528062,241216.23626373656
45.875,6.375,0.25,0.001071810213569695,30789.03296703298
45.875,6.625,0.25,0.0023479551148209224,49404.6923076923
45.875,6.875,0.25,0.003718096056022198,13716.697802197803
46.125,-1.375,0.25,0.0012148393660140495,18109.39010989011
46.125,-1.125,0.25,0.000698257354498638,184745.6373626375
46.125,-0.875,0.25,0.00023150187826423996,47515.81318681321
46.125,-0.625,0.25,0.0001447361759058801,20727.368131868137
46.125,-0.375,0.25,0.00036213908794010516,16568.219780219777
46.125,-0.125,0.25,0.0016216814252381863,22199.181318681294
46.125,0.125,0.25,0.0015106837296457155,18534.653846153848
46.125,0.375,0.25,0.0016045017735474986,12464.928571428552
46.125,0.625,0.25,0.001727815294646306,10417.780219780208
46.125,1.125,0.25,0.00029721574172147995,16822.796703296714
46.125,1.375,0.25,0.000349186797669274,17182.780219780223
46.125,1.875,0.25,0.0007631520936963879,27517.450549450543
46.125,2.125,0.25,0.0004627331971914638,10805.362637362636
46.125,2.375,0.25,0.0005029326222271354,7953.3516483516405
46.125,2.625,0.25,0.0005354921710014806,7469.763736263738
46.125,2.875,0.25,0.0004195360899005909,14301.510989010982
46.125,3.125,0.25,0.00142386823989421,26687.862637362647
46.125,3.375,0.25,0.0012340687067348127,88325.71428571429
46.125,3.625,0.25,0.0006524984281330792,12260.565934065935
46.125,3.875,0.25,0.0008048722781202245,22363.79670329672
46.125,4.125,0.25,0.001545602947869721,92520.5274725275
46.125,4.375,0.25,0.00036827132413153106,35300.06043956044
46.125,4.625,0.25,0.00021714621635927423,64472.686813186854
46.125,4.875,0.25,0.0006953617258192085,61838.31868131874
46.125,5.125,0.25,0.0008260928851426396,87157.26923076928
46.125,5.375,0.25,0.002036452447957996,43212.40109890113
46.125,5.625,0.25,0.0003316764696502361,30149.862637362647
46.125,5.875,0.25,0.0008953881909867409,64776.37362637372
46.125,6.125,0.25,0.0012726622318901563,124934.9560439563
46.125,6.375,0.25,0.0014051567540573214,143756.2032967033
46.125,6.625,0.25,0.0014918084336035546,68373.39010989016
46.125,6.875,0.25,0.002519269411870559,2381.6428571428555
46.375,-1.625,0.25,0.0016061113573098962,14320.302197802212
46.375,-1.375,0.25,0.0006824274920789653,21980.357142857185
46.375,-1.125,0.25,0.0007159408229493006,30728.79670329671
46.375,-0.875,0.25,0.0008385622057747472,44123.14285714286
46.375,-0.625,0.25,0.0019862643634924893,37759.32417582419
46.375,-0.375,0.25,0.001446889227909697,117493.44505494516
46.375,-0.125,0.25,0.0029579185889791445,28736.423076923067
46.375,0.125,0.25,0.001891387949484955,20091.065934065933
46.375,0.375,0.25,0.0020969844175501473,27181.8901098901
46.375,0.625,0.25,0.01866316702073995,15913.69780219781
46.375,0.875,0.25,0.0025851881032105577,11604.571428571428
46.375,1.125,0.25,0.001404523285246846,4271.912087912088
46.375,1.375,0.25,0.0019804673685355975,8078.901098901095
46.375,1.625,0.25,0.0002622634585345143,11438.879120879112
46.375,1.875,0.25,0.00025540657358516,11745.978021978015
46.375,2.375,0.25,0.00029889016498080214,10037.131868131866
46.375,2.625,0.25,0.0010270268745133852,74000.01098901087
46.375,2.875,0.25,0.007213379072599281,13031.340659340654
46.375,3.125,0.25,0.0004054025457943384,9866.736263736264
46.375,3.375,0.25,0.0018945515507997456,21113.17582417582
46.375,3.625,0.25,0.0005533941762864515,10842.181318681318
46.375,3.875,0.25,0.0002445582431580801,8178.010989010985
46.375,4.125,0.25,0.0009242761046332784,30293.978021978026
46.375,4.375,0.25,0.0002285386366854113,17502.510989010985
46.375,4.625,0.25,0.0002572686989816885,27208.90659340659
46.375,4.875,0.25,0.0010180869104606906,99205.67582417582
46.375,5.125,0.25,0.0001610968987519267,37244.66483516487
46.375,5.375,0.25,0.0014033388670120525,21377.58791208791
46.375,5.625,0.25,0.00046369722100140766,43131.593406593405
46.375,5.875,0.25,0.00015545998752476323,25730.093406593383
46.375,6.125,0.25,0.0007108121739189088,92851.53296703307
46.375,6.375,0.25,0.0012506201282477018,97551.60439560453
46.375,6.625,0.25,0.0008289746373235957,50665.00000000003
46.375,6.875,0.25,0.00528866830169818,1890.8351648351668
46.625,-2.375,0.25,0.0007854527250246524,5092.604395604401
46.625,-1.875,0.25,0.0004855837391559405,102968.85164835182
46.625,-1.625,0.25,0.0007656913077628892,52240.37362637367
46.625,-1.375,0.25,0.0013654049342693116,98139.38461538467
46.625,-1.125,0.25,0.001421861376623012,37275.08241758244
46.625,-0.875,0.25,0.00030899207252824904,25890.631868131873
46.625,-0.625,0.25,0.0007529350840493601,22578.307692307684
46.625,-0.375,0.25,0.0006157494102894433,22736.521978021978
46.625,-0.125,0.25,0.0008034388950507943,24892.994505494506
46.625,0.125,0.25,0.001414000508496336,28288.53296703298
46.625,0.375,0.25,0.001586580013628412,188455.67032967042
46.625,0.625,0.25,0.001160759196040323,25845.153846153844
46.625,0.875,0.25,0.002757529933520167,11241.945054945052
46.625,1.125,0.25,0.00016706696952909617,11971.247252747244
46.625,1.625,0.25,0.0019401494407642386,14947.302197802193
46.625,1.875,0.25,0.00010602341136734081,18863.758241758245
46.625,2.125,0.25,0.00022878980251165925,8741.64835164836
46.625,2.375,0.25,0.00134610074553272,8914.637362637366
46.625,2.625,0.25,0.0007049756952158769,19858.840659340654
46.625,2.875,0.25,0.0011102613003020432,7205.510989010987
46.625,3.125,0.25,0.0009940575024032163,12071.73626373626
46.625,3.375,0.25,0.0024700463409363747,51820.8901098901
46.625,3.625,0.25,0.0007453201216468918,10733.64285714285
46.625,3.875,0.25,0.00034672759165777227,11536.434065934065
46.625,4.125,0.25,0.00029669536786802253,16852.30219780217
46.625,4.375,0.25,0.0004252053761081728,51739.70329670331
46.625,4.625,0.25,6.412575977574307e-05,15594.357142857141
46.625,4.875,0.25,0.0010400243122566499,42306.70329670331
46.625,5.125,0.25,0.00015664545985512535,31919.214285714283
46.625,5.375,0.25,0.00025219947038111225,27755.807692307688
46.625,5.625,0.25,0.000720117454960431,43048.532967032974
46.625,5.875,0.25,0.00010743059658807509,27925.005494505494
46.625,6.125,0.25,0.0001945832097141926,10278.379120879119
46.875,-2.125,0.25,0.0031499033827712382,25397.60439560441
46.875,-1.875,0.25,0.0007494624006529505,65380.19780219791
46.875,-1.625,0.25,0.000585485354380041,49531.554945055
46.875,-1.375,0.25,0.002564969371000468,60039.70329670338
46.875,-1.125,0.25,0.0013378709501769663,60543.956043956074
46.875,-0.875,0.25,0.0005829451876119046,46316.532967032974
46.875,-0.625,0.25,0.0007379328117851276,33878.42307692308
46.875,-0.375,0.25,0.001004020639747753,45815.79120879118
46.875,-0.125,0.25,0.002948470456650033,16957.945054945052
46.875,0.125,0.25,0.0028474006369652977,12994.307692307695
46.875,0.375,0.25,0.0006862867300092282,26228.104395604387
46.875,0.625,0.25,0.00206557102864402,55190.54945054941
46.875,0.875,0.25,0.0035948081264108346,9736.263736263738
46.875,1.125,0.25,0.001134096921667693,7935.829670329652
46.875,1.625,0.25,0.0010600098782007886,71697.44505494501
46.875,2.125,0.25,0.001793646212435853,7805.329670329671
46.875,2.375,0.25,0.0014198791482405446,18311.417582417576
46.875,2.625,0.25,0.001075525299019672,10227.56043956043
46.875,2.875,0.25,0.000591760867915941,10139.230769230744
46.875,3.125,0.25,0.0010910462696965318,51326.87912087915
46.875,3.375,0.25,0.00038722899621786914,20659.609890109852
46.875,4.375,0.25,0.0005815569150642423,53305.18681318672
46.875,4.875,0.25,0.0014881096176331328,118270.85714285713
46.875,5.125,0.25,0.00046449396636374593,17223.04395604396
46.875,5.625,0.25,0.0015105161547340573,17212.65934065934
46.875,5.875,0.25,0.00013043316232096505,23000.2857142857
46.875,6.375,0.25,0.0007876200163901487,48246.61538461542
47.125,-2.375,0.25,0.0025971277004360653,4620.489010989011
47.125,-2.125,0.25,0.0015057284619532792,58443.472527472564
47.125,-1.875,0.25,0.0010302300713968741,49503.505494505545
47.125,-1.625,0.25,0.0008475204958765162,562818.2472527472
47.125,-1.375,0.25,0.0010053890227687502,166104.85714285716
47.125,-1.125,0.25,0.0013554452044098819,45741.428571428565
47.125,-0.875,0.25,0.0017486315319997841,111515.77472527475
47.125,-0.625,0.25,0.0007641617813819052,34024.2087912088
47.125,-0.375,0.25,0.0008893187081668488,26986.950549450557
47.125,-0.125,0.25,0.0015649409602848524,26199.07142857142
47.125,0.125,0.25,0.0039691681052891085,38043.23626373627
47.125,0.375,0.25,0.0015197406478218447,19082.20329670329
47.125,0.625,0.25,0.001956837929256442,24018.34065934067
47.125,0.875,0.25,0.0008658136144773462,24254.64285714285
47.125,1.125,0.25,0.0022692519847226996,11016.846153846143
47.125,1.375,0.25,0.013260933231279002,7767.17582417582
47.125,1.875,0.25,0.00034831969240691786,11483.703296703294
47.125,2.125,0.25,0.001272968341286378,48705.06043956041
47.125,2.375,0.25,0.0017836609115719744,111568.2912087912
47.125,2.625,0.25,0.000936863085117164,17078.269230769234
47.125,2.875,0.25,0.0004896495615753158,10211.384615384613
47.125,3.125,0.25,0.0007485401224235752,44085.813186813175
47.125,3.375,0.25,0.0011018107988052623,7260.774725274721
47.125,4.625,0.25,0.004471200966131104,8498.835164835167
47.125,4.875,0.25,0.004519256947603757,49565.67032967032
47.125,5.125,0.25,0.0008683568003437503,39154.41208791209
47.125,5.375,0.25,0.0007114499172255386,47789.73076923076
47.125,5.625,0.25,0.001238453138258902,43602.78021978023
47.125,5.875,0.25,0.003322610593592927,45446.19230769235
47.125,6.125,0.25,0.0008339341407032994,31177.52197802199
47.125,6.375,0.25,0.0005733128278745233,24419.47802197804
47.125,6.625,0.25,0.00022301967413394525,35871.27472527474
47.125,6.875,0.25,0.000323947171692001,12347.692307692307
47.375,-3.125,0.25,0.00312485204299039,10560.499999999996
47.375,-2.625,0.25,0.0036172288211252486,6911.368131868139
47.375,-2.375,0.25,0.0018708131743329123,169445.032967033
47.375,-2.125,0.25,0.002864585683325404,78545.39010989011
47.375,-1.875,0.25,0.001736047546389987,57026.08791208796
47.375,-1.625,0.25,0.0017007624353056344,121122.14835164847
47.375,-1.375,0.25,0.0009983408982188245,96159.53846153856
47.375,-1.125,0.25,0.0016094267735381929,67104.63736263741
47.375,-0.875,0.25,0.001380960082745786,41275.63186813188
47.375,-0.625,0.25,0.0016764968439114108,233224.41758241758
47.375,-0.375,0.25,0.001252989915719078,79011.01098901097
47.375,-0.125,0.25,0.0019268135630233405,61241.00549450544
47.375,0.125,0.25,0.0023261015432789085,19775.576923076922
47.375,0.375,0.25,0.0015659181233879042,30014.34065934066
47.375,0.625,0.25,0.0013450886482265808,332320.1043956046
47.375,0.875,0.25,0.0011721727941338474,81046.07142857148
47.375,1.125,0.25,0.001142457342570464,42014.69780219779
47.375,1.375,0.25,0.003126986581447693,31340.07692307691
47.375,1.625,0.25,0.0011801611878271918,38130.384615384624
47.375,1.875,0.25,0.0009758246589640265,12297.291208791206
47.375,2.125,0.25,0.0010387449323135281,8664.3021978022
47.375,2.375,0.25,0.0008042756658001031,8703.483516483513
47.375,2.625,0.25,0.0008861172415184185,7899.631868131865
47.375,2.875,0.25,0.001213936370677092,28831.824175824146
47.375,3.875,0.25,0.0005414435974294612,12928.401098901079
47.375,4.125,0.25,0.0010049517494320316,8955.653846153835
47.375,4.375,0.25,0.0020859224650759973,11026.296703296703
47.375,4.625,0.25,0.0013716616216291875,10206.5989010989
47.375,4.875,0.25,0.00010991162833322479,36392.87362637366
47.375,5.125,0.25,0.0016447995341394572,268117.7802197803
47.375,5.375,0.25,0.0002697174576254608,18537.917582417587
47.375,5.625,0.25,0.00024678880753998574,24312.285714285706
47.375,5.875,0.25,0.001900049067201185,36841.153846153866
47.375,6.125,0.25,0.00039349320244439384,160104.41758241755
47.375,6.375,0.25,0.0006373612099802744,17258.65934065934
47.375,6.625,0.25,0.0007882076545645928,26642.725274725268
47.375,6.875,0.25,0.0003258713567313742,76717.39010989011
47.625,-3.375,0.25,0.0014056807990904185,44106.741758241755
47.625,-3.125,0.25,0.0014902771188726295,53681.29120879123
47.625,-2.875,0.25,0.0013886732417708449,136101.13186813192
47.625,-2.625,0.25,0.0007840302100277412,72701.28021978028
47.625,-2.375,0.25,0.0009507692495220756,37864.07692307694
47.625,-2.125,0.25,0.0010638307521462806,54519.95054945055
47.625,-1.875,0.25,0.001089258973694334,26623.604395604394
47.625,-1.625,0.25,0.0021619833227228664,24977.065934065944
47.625,-1.375,0.25,0.0018953161297998063,34822.686813186825
47.625,-1.125,0.25,0.0009450840992668752,23278.35164835165
47.625,-0.875,0.25,0.001361173945499419,38936.97802197803
47.625,-0.625,0.25,0.0016383331818173724,61648.02197802195
47.625,-0.375,0.25,0.0014546735167894277,44683.56593406596
47.625,-0.125,0.25,0.00132985403573252,36094.186813186825
47.625,0.125,0.25,0.0007656965156250828,15672.00549450548
47.625,0.375,0.25,0.000569788719748702,24570.510989011014
47.625,0.625,0.25,0.0016622852422265798,17445.862637362643
47.625,0.875,0.25,0.0012248526285173558,18777.769230769216
47.625,1.125,0.25,0.0012205955377285022,19662.532967032963
47.625,1.375,0.25,0.0018306842824550662,102693.84065934068
47.625,1.625,0.25,0.009360170966388059,23931.186813186814
47.625,1.875,0.25,0.005525868350740827,16287.032967032977
47.625,2.125,0.25,0.0007283227926617079,13730.17582417582
47.625,2.375,0.25,0.00041535979210709917,7222.653846153842
47.625,2.625,0.25,0.0041630075371101565,34830.58791208794
47.625,2.875,0.25,0.0032375930808010754,12354.857142857134
47.625,3.375,0.25,0.0007923753943736513,11358.252747252744
47.625,3.625,0.25,0.0004974671736094058,14071.28021978021
47.625,3.875,0.25,0.0019396812421633423,10310.972527472522
47.625,4.125,0.25,0.002577733294305382,6982.879120879118
47.625,5.125,0.25,0.00047797004545967864,14645.269230769227
47.625,5.375,0.25,0.0007795317241571313,7696.928571428572
47.625,6.125,0.25,0.0004781686756566793,48100.18131868133
47.625,6.625,0.25,0.00014275177098474568,35025.83516483515
47.625,6.875,0.25,0.000868112440290846,202738.71428571426
47.625,7.125,0.25,0.0007194800610134901,55595.70329670332
47.625,7.375,0.25,0.0006997182100035707,224376.0384615384
47.625,7.625,0.25,0.0016727651354924964,52009.69230769233
47.875,-4.375,0.25,0.0005079153702020133,33470.142857142884
47.875,-4.125,0.25,0.001165009581261051,126179.2197802198
47.875,-3.875,0.25,0.0012807340998972608,53094.54945054941
47.875,-3.625,0.25,0.0012988731438965879,46963.785714285754
47.875,-3.375,0.25,0.0010622345670728052,166629.86263736273
47.875,-3.125,0.25,0.0008172785912502821,47719.346153846214
47.875,-2.875,0.25,0.0007359132754509232,43483.38461538465
47.875,-2.625,0.25,0.0011133024233698353,24252.17032967033
47.875,-2.375,0.25,0.0009323640670198732,41829.15384615387
47.875,-2.125,0.25,0.0006448608983182882,34115.88461538463
47.875,-1.875,0.25,0.0005340555426148232,39321.75274725279
47.875,-1.625,0.25,0.0013492184477034697,64481.774725274736
47.875,-1.375,0.25,0.0004214953357604051,23725.054945054962
47.875,-1.125,0.25,0.0003843923561773001,23413.576923076926
47.875,-0.875,0.25,0.00036075357854665856,22175.8021978022
47.875,-0.625,0.25,0.000742796955530134,36349.0989010989
47.875,-0.375,0.25,0.0009108324694690789,31839.00549450548
47.875,-0.125,0.25,0.0011119645288552179,25180.65934065934
47.875,0.125,0.25,0.0005685900551552166,216324.5714285714
47.875,0.375,0.25,0.00036719876019979044,43573.131868131866
47.875,0.625,0.25,0.00010329332608766601,19362.335164835153
47.875,0.875,0.25,0.0017648292969890966,18698.692307692283
47.875,1.125,0.25,0.0012635035813354017,36406.7032967033
47.875,1.375,0.25,0.0007493790344745237,10675.505494505494
47.875,1.625,0.25,0.00167990082671521,35121.120879120885
47.875,1.875,0.25,0.0007585534601371125,301890.3901098903
47.875,2.125,0.25,0.0003764132352188105,66416.36813186816
47.875,2.375,0.25,0.00040696610381729393,31943.692307692305
47.875,2.625,0.25,0.0013461641787191345,39371.12637362637
47.875,2.875,0.25,3.1714814809006265e-05,31531.005494505473
47.875,3.125,0.25,0.0027549105130614386,9800.681318681316
47.875,3.625,0.25,0.0014511488095297425,82693.10439560437
47.875,3.875,0.25,0.00017093813730026692,17550.20879120879
47.875,4.625,0.25,0.00041902599020215986,11932.43406593405
47.875,5.125,0.25,0.006639397711778999,3614.7857142857165
47.875,5.375,0.25,0.0024968524592215674,22828.741758241747
47.875,6.375,0.25,0.0002861634720189602,31450.55494505494
47.875,6.625,0.25,0.0004305666577907202,20902.6868131868
47.875,6.875,0.25,0.0005464304050156845,32941.065934065904
47.875,7.125,0.25,0.00011482427240584613,95798.56043956042
47.875,7.375,0.25,0.0014465674712492522,132036.70329670337
47.875,7.625,0.25,0.0021322249848824706,12193.835164835167
48.125,-4.625,0.25,0.001769491139349511,7911.879120879119
48.125,-4.375,0.25,0.0010472222576972314,39151.19230769229
48.125,-4.125,0.25,0.002349546036058156,42987.02747252748
48.125,-3.875,0.25,0.0011620988837602382,24094.335164835164
48.125,-3.625,0.25,0.0005478718040184291,21902.93406593406
48.125,-3.375,0.25,0.0016787467509832086,14296.379120879119
48.125,-3.125,0.25,0.0010535168872559868,16136.428571428572
48.125,-2.875,0.25,0.0013068349216628305,48973.285714285725
48.125,-2.625,0.25,0.0010651366154757328,18776.934065934063
48.125,-2.375,0.25,0.000987446528383964,18228.835164835156
48.125,-2.125,0.25,0.0004575140396478648,32785.87912087914
48.125,-1.875,0.25,0.0009038075145524757,113962.3186813189
48.125,-1.625,0.25,0.0008025440233642675,434867.1098901101
48.125,-1.375,0.25,0.0007529075192386709,59768.296703296764
48.125,-1.125,0.25,0.0007046289475951849,49671.532967033
48.125,-0.875,0.25,0.0013196323292247016,96996.71428571426
48.125,-0.625,0.25,0.0016686670667466822,32960.43956043957
48.125,-0.375,0.25,0.002565800792814608,19097.351648351643
48.125,-0.125,0.25,0.00011514825971120566,17368.912087912086
48.125,0.125,0.25,0.0019940868094795107,62685.3351648352
48.125,0.375,0.25,0.0005576287196152669,43039.390109890104
48.125,0.625,0.25,0.0005985749780937535,35083.324175824164
48.125,0.875,0.25,0.0006715314924023122,10423.934065934058
48.125,1.125,0.25,0.0044308594791832474,15121.219780219772
48.125,1.375,0.25,0.0007442316368719069,36279.02747252747
48.125,1.625,0.25,0.0008413352637817196,11885.868131868121
48.125,1.875,0.25,0.001765213081586791,16995.115384615383
48.125,2.125,0.25,0.0007681321888618237,33848.340659340654
48.125,2.375,0.25,0.001794535925335988,25633.36813186813
48.125,2.625,0.25,0.0010984291497506567,45519.54945054945
48.125,2.875,0.25,0.00023180121644693312,25884.247252747253
48.125,3.125,0.25,0.0009231810248087147,32496.335164835167
48.125,3.375,0.25,0.00043711285221933316,66344.42307692309
48.125,3.625,0.25,0.0033609876132832906,16661.769230769216
48.125,3.875,0.25,0.00023927324039948997,12537.96703296703
48.125,4.125,0.25,0.0015994483092321866,21257.32967032968
48.125,4.375,0.25,0.0003562681266090792,14034.373626373623
48.125,4.875,0.25,0.007666477344927602,7826.280219780211
48.125,5.125,0.25,0.0007817177938313984,34539.318681318626
48.125,5.375,0.25,0.00045801995457046054,10916.55494505494
48.125,5.875,0.25,0.0011802518117575579,17792.81318681316
48.125,6.125,0.25,0.0008984229222242191,11130.61538461538
48.125,6.375,0.25,0.003511411564117138,73474.72527472525
48.125,6.625,0.25,0.0011522650217719273,53807.06593406592
48.125,6.875,0.25,0.0015262057119249937,32105.76373626371
48.125,7.125,0.25,0.00029068307036824413,37841.901098901086
48.125,7.375,0.25,0.0009436434357425767,172734.73626373633
48.125,7.625,0.25,3.6122894055124324e-05,27683.274725274732
48.375,-4.875,0.25,0.0014052882076243834,7115.978021978022
48.375,-4.625,0.25,0.00046548903543134663,210531.27472527476
48.375,-4.375,0.25,0.0019401066957693892,97932.75824175825
48.375,-4.125,0.25,0.0010434242201693893,28751.489010989033
48.375,-3.875,0.25,0.0009306103039524953,12894.763736263725
48.375,-3.625,0.25,0.0015236526139014044,16407.93956043956
48.375,-3.375,0.25,0.0015590333992924399,10904.1923076923
48.375,-3.125,0.25,0.0010088763698822688,13876.824175824173
48.375,-2.875,0.25,0.0015046774129626927,41869.43956043955
48.375,-2.625,0.25,0.0021441963639546105,52234.02197802201
48.375,-2.375,0.25,0.0008552896069427319,36245.03296703298
48.375,-2.125,0.25,0.001373071585348522,62633.29670329673
48.375,-1.875,0.25,0.0006588888322961882,44013.49450549455
48.375,-1.625,0.25,0.0005915790699206865,37188.604395604394
48.375,-1.375,0.25,0.0006947412477394662,40302.77472527474
48.375,-1.125,0.25,0.000618396992674703,50129.60989010988
48.375,-0.875,0.25,0.0012184589841265597,19697.010989010978
48.375,-0.625,0.25,0.0009075215586233997,33057.065934065926
48.375,-0.375,0.25,0.0006819910641683647,17595.538461538454
48.375,-0.125,0.25,0.0011684612151316867,14549.049450549443
48.375,0.125,0.25,0.00179249046022374,63598.66483516483
48.375,0.375,0.25,0.0009347420728192486,18186.83516483514
48.375,0.625,0.25,0.001041801704123602,16317.884615384615
48.375,0.875,0.25,0.0008611473274032487,23224.829670329593
48.375,1.125,0.25,0.0004576961423439578,24033.41208791207
48.375,1.375,0.25,0.0013345851278204702,69684.57692307692
48.375,1.625,0.25,0.0010543260119219942,73980.91208791209
48.375,1.875,0.25,0.0014155525374105055,26138.203296703305
48.375,2.125,0.25,0.0007709970236973133,64851.09340659344
48.375,2.375,0.25,0.0006430388745265097,46653.47802197802
48.375,2.625,0.25,0.002315196138689058,85953.84065934064
48.375,2.875,0.25,0.0014711986295872467,95840.21978021986
48.375,3.125,0.25,0.0016053771313145563,39866.02197802199
48.375,3.375,0.25,0.0011660083844606047,24013.549450549446
48.375,4.125,0.25,0.0011408886429998238,153389.20329670337
48.375,4.375,0.25,9.512171921531907e-05,10512.846153846145
48.375,4.625,0.25,0.00025259079042875226,11876.917582417573
48.375,5.125,0.25,0.0007619838710622815,13123.637362637352
48.375,5.375,0.25,0.00045728470872597235,4373.642857142855
48.375,5.625,0.25,0.0015001163446108352,17331.98901098901
48.375,5.875,0.25,0.002938628338710824,11910.318681318679
48.375,6.125,0.25,0.0006494095674239036,21558.043956043948
48.375,6.375,0.25,0.0017111977679211538,35063.15934065933
48.375,6.625,0.25,0.0007202554741976747,23602.736263736242
48.375,6.875,0.25,0.0014596136791108839,49328.120879120856
48.375,7.375,0.25,0.0008575250674472642,72301.09340659346
48.375,7.625,0.25,0.00032172774161090485,93246.54395604398
48.625,-4.625,0.25,0.0009095592427502835,26386.406593406606
48.625,-4.375,0.25,0.0006519875641304485,42945.6043956044
48.625,-4.125,0.25,0.0008519339563945562,42256.7967032967
48.625,-3.875,0.25,0.0014575604769210301,63119.164835164855
48.625,-3.625,0.25,0.0010685258233189617,29947.802197802197
48.625,-3.375,0.25,0.0012711729298268606,54280.57692307695
48.625,-3.125,0.25,0.0010612713097304803,49940.1043956044
48.625,-2.875,0.25,0.0008214354885227429,110781.67582417582
48.625,-2.625,0.25,0.002623420457535604,19440.269230769252
48.625,-2.375,0.25,0.0012494261306834514,19208.818681318684
48.625,-2.125,0.25,0.002263608481590927,54779.79120879126
48.625,-1.875,0.25,0.0011666390691801765,96859.43406593407
48.625,-1.625,0.25,0.0012197229136866835,18856.741758241766
48.625,-1.375,0.25,0.0018979370266502958,42677.917582417576
48.625,-1.125,0.25,0.000999452680674869,27014.785714285703
48.625,-0.875,0.25,0.0009069242312500185,15436.791208791197
48.625,-0.625,0.25,0.0007283967334208033,41186.34615384615
48.625,-0.375,0.25,0.0009591411614327521,22937.186813186807
48.625,-0.125,0.25,0.0010679045144718023,25283.159340659313
48.625,0.125,0.25,0.00046571940533773323,17177.725274725264
48.625,0.375,0.25,0.0018667665605294386,12320.769230769223
48.625,0.625,0.25,0.0016407719200817869,18284.076923076915
48.625,0.875,0.25,0.003692438304599629,10562.126373626375
48.625,1.125,0.25,0.0007204228803140095,20821.104395604394
48.625,1.375,0.25,0.001204384617192579,72236.06043956045
48.625,1.625,0.25,0.0009077374181720727,53980.36813186812
48.625,1.875,0.25,0.0017979845680771431,101224.45054945056
48.625,2.125,0.25,0.0012198290666223998,278727.5769230769
48.625,2.375,0.25,0.0007658080671724481,1090351.5329670338
48.625,2.625,0.25,0.0013212073684200122,445047.4725274728
48.625,2.875,0.25,0.0016509485748254667,64811.2252747253
48.625,3.125,0.25,0.002323465109634576,30557.807692307702
48.625,3.375,0.25,0.002190948395291138,27841.824175824182
48.625,3.625,0.25,0.00020002220026618336,34996.11538461539
48.625,3.875,0.25,0.00028790100002095987,13893.664835164833
48.625,4.125,0.25,0.002325308814453577,9891.159340659342
48.625,4.625,0.25,0.0016413623307345146,24369.999999999927
48.625,4.875,0.25,0.0012797739047350372,39069.401098901086
48.625,5.125,0.25,0.0003503780039619669,22832.4835164835
48.625,5.375,0.25,0.0006781081899261816,11797.527472527465
48.625,5.625,0.25,0.0004951728207559037,18175.472527472517
48.625,5.875,0.25,0.0016253446117563744,46144.06043956042
48.625,6.125,0.25,0.001514344355780743,289894.4340659341
48.625,6.375,0.25,0.00030426465623945085,85451.92307692308
48.625,6.625,0.25,0.0014878010716329402,14786.923076923073
48.625,6.875,0.25,0.007377056956157658,12742.20879120878
48.625,7.125,0.25,0.0007289175896780519,42528.81318681317
48.625,7.375,0.25,0.00033427824567326887,68804.95604395603
48.625,7.625,0.25,0.001963027254228568,266425.23626373644
48.625,7.875,0.25,0.00029365502510517947,347346.346153846
48.875,-3.625,0.25,0.000766123855286781,10442.175824175822
48.875,-3.375,0.25,0.0014011755503591738,21410.593406593398
48.875,-3.125,0.25,0.0011438026590269517,24479.74725274723
48.875,-1.625,0.25,0.001610413512630985,38499.42857142858
48.875,-1.375,0.25,0.00072876082630266,30188.230769230766
48.875,-1.125,0.25,0.001556220948295007,25060.708791208814
48.875,-0.875,0.25,0.0012417543305045142,28991.24175824175
48.875,-0.625,0.25,0.00031384101585414496,35049.593406593354
48.875,-0.375,0.25,0.00018807141546990728,21268.516483516483
48.875,-0.125,0.25,0.0005923195759382379,27012.44505494505
48.875,0.125,0.25,0.0008205100461762321,19500.065934065922
48.875,0.375,0.25,0.0016729292662478069,11357.324175824166
48.875,0.625,0.25,0.0020686785849088974,25620.21978021978
48.875,0.875,0.25,0.0012310507452431615,30867.93956043957
48.875,1.125,0.25,0.000518664808592737,40488.57692307692
48.875,1.375,0.25,0.00041638354873174585,57639.16483516486
48.875,1.625,0.25,0.0014349133075329415,151228.64835164844
48.875,1.875,0.25,0.001713996063296938,337807.07692307705
48.875,2.125,0.25,0.001271471364305579,1760951.9670329676
48.875,2.375,0.25,0.0014194924830543494,5613978.302197803
48.875,2.625,0.25,0.0008972307469254501,1208161.895604396
48.875,2.875,0.25,0.002668142452418735,202387.99450549466
48.875,3.125,0.25,0.0018429630741758204,81390.67032967035
48.875,3.375,0.25,0.0008260161814451956,29055.120879120874
48.875,3.625,0.25,0.0007205455955413273,11102.697802197801
48.875,3.875,0.25,0.0003156256367790574,12673.24175824177
48.875,4.125,0.25,0.0013360825801810128,11975.307692307699
48.875,4.375,0.25,0.0016757401529628809,69223.1428571429
48.875,4.625,0.25,0.0005103023120620136,11757.73626373627
48.875,4.875,0.25,0.000639486443194851,12510.038461538436
48.875,5.125,0.25,0.0013942997569977252,25819.412087912122
48.875,5.375,0.25,0.0005570314508526873,7180.923076923068
48.875,5.625,0.25,0.0033123256125274663,13585.62087912088
48.875,5.875,0.25,0.0003683660587108706,10858.763736263736
48.875,6.125,0.25,0.000807700566029978,84189.61538461539
48.875,6.625,0.25,0.0012499828299061847,17600.24175824173
48.875,7.125,0.25,0.000557431868502435,35878.824175824164
48.875,7.375,0.25,0.0007030728470450196,44092.15934065932
48.875,7.625,0.25,0.0003920133554894906,73977.0714285714
48.875,7.875,0.25,0.0011241110996807694,108530.1978021978
48.875,8.125,0.25,0.00026008090373827,30759.659340659346
49.125,-1.625,0.25,0.0012238884439743974,17975.494505494506
49.125,-1.375,0.25,0.0009643065780392732,36295.51098901097
49.125,-1.125,0.25,0.0010721153239277794,58762.33516483517
49.125,-0.875,0.25,0.0004757794997294329,29425.395604395613
49.125,-0.375,0.25,0.0011687975241083343,284052.620879121
49.125,-0.125,0.25,0.0002903710652754837,48214.170329670356
49.125,0.125,0.25,0.0003125988756500567,44785.82967032966
49.125,0.375,0.25,0.0019404544567301627,26797.846153846145
49.125,0.625,0.25,0.0007957861978345362,38955.18681318682
49.125,0.875,0.25,0.00036104362010559536,38776.47802197802
49.125,1.125,0.25,0.0018722232435174721,119643.85164835156
49.125,1.375,0.25,0.0012548410976336332,86863.58791208793
49.125,1.625,0.25,0.001320978446534498,46934.90659340659
49.125,1.875,0.25,0.0007822518551450622,81815.08241758241
49.125,2.125,0.25,0.0010913718315592575,428818.10439560475
49.125,2.375,0.25,0.0010828640365479459,299206.5384615387
49.125,2.625,0.25,0.0032195086862817396,112439.51648351643
49.125,2.875,0.25,0.0010702061642871962,63539.15934065933
49.125,3.125,0.25,0.0006759364542483128,36985.725274725264
49.125,3.375,0.25,0.0007925024694262645,40378.42307692307
49.125,3.625,0.25,0.001091599110226769,21986.09340659341
49.125,3.875,0.25,0.0016229170149919194,66546.84065934064
49.125,4.125,0.25,0.0058498990900865445,42222.95054945056
49.125,4.375,0.25,0.0005478478909361276,14602.593406593405
49.125,4.625,0.25,0.00026213169236973536,7629.752747252745
49.125,4.875,0.25,0.001961014364011198,9178.923076923069
49.125,5.125,0.25,0.0005506999487122857,7263.483516483508
49.125,5.375,0.25,0.0011558115289327117,36338.10439560439
49.125,5.625,0.25,0.0020185271960494553,11889.857142857136
49.125,5.875,0.25,0.0008877523268563273,41678.291208791205
49.125,6.125,0.25,0.0016015331665185251,312825.2417582417
49.125,6.375,0.25,0.00015232367130177786,45954.77472527475
49.125,6.625,0.25,0.0007469253613927956,85684.59890109886
49.125,6.875,0.25,0.0007545035517298533,123259.85714285709
49.125,7.125,0.25,0.0007499603009489585,54669.56043956041
49.125,7.375,0.25,0.000536826081488698,20490.807692307677
49.125,7.625,0.25,0.0011771858789438967,2548.4505494505484
49.125,7.875,0.25,0.0003485570075040303,11475.884615384612
49.375,-1.875,0.25,0.0019070055385238688,6292.587912087914
49.375,-1.625,0.25,0.0009364355763194995,23493.340659340658
49.375,-1.375,0.25,0.0014732860139992881,19683.890109890104
49.375,-1.125,0.25,0.0009953432156695463,18084.21428571428
49.375,-0.875,0.25,0.0010206055780020244,11757.725274725275
49.375,-0.625,0.25,0.0012580885763483491,31794.263736263747
49.375,-0.375,0.25,0.00036260690244993484,52398.340659340676
49.375,-0.125,0.25,0.0013885180240320433,18004.807692307684
49.375,0.125,0.25,0.0013485692082652297,216525.7802197801
49.375,0.375,0.25,0.0020071520065931374,36868.15934065938
49.375,0.625,0.25,0.0006354502075493658,42489.56043956043
49.375,0.875,0.25,0.001280414914962118,82785.66483516485
49.375,1.125,0.25,0.0010152325209325955,483633.04945054953
49.375,1.375,0.25,0.0005017469247324476,35874.65934065934
49.375,1.625,0.25,0.0004949771603396018,30304.428571428554
49.375,1.875,0.25,0.0009835922835844276,54900.796703296684
49.375,2.125,0.25,0.0019853395315397315,109804.89560439566
49.375,2.375,0.25,0.0003914933761080136,171139.5494505496
49.375,2.625,0.25,0.00017644612740275474,73676.87912087914
49.375,2.875,0.25,0.001034458847294549,106335.79120879123
49.375,3.125,0.25,0.0003967279967459585,25206.186813186814
49.375,3.375,0.25,0.0008066288674973377,66945.28571428572
49.375,3.625,0.25,0.005427327488519114,27085.15384615385
49.375,3.875,0.25,0.003331040877374699,35424.362637362654
49.375,4.125,0.25,0.0003559748482555653,219116.60439560437
49.375,4.375,0.25,0.000684450341247384,14610.263736263743
49.375,4.625,0.25,0.0010860041709720627,11049.681318681325
49.375,4.875,0.25,0.0008128864839756413,4920.736263736257
49.375,5.125,0.25,0.001305390563711757,6128.434065934062
49.375,5.375,0.25,0.0006018274722667488,6646.4230769230735
49.375,5.625,0.25,0.00013977023922981987,21463.796703296706
49.375,5.875,0.25,0.0007200848750590095,83323.51098901102
49.375,6.125,0.25,0.001615186057820352,237124.3846153846
49.375,6.375,0.25,0.000267864659467485,37332.285714285725
49.375,6.625,0.25,0.00048763693019155855,12304.236263736257
49.625,-1.875,0.25,0.0059639546573989595,20456.225274725257
49.625,-1.625,0.25,0.0010400882533105507,101914.42857142855
49.625,-1.375,0.25,0.0005688399922644013,28127.417582417576
49.625,0.125,0.25,0.004212922391102929,62189.60989010987
49.625,0.375,0.25,0.0009092703444765555,73685.45604395604
49.625,0.625,0.25,0.00042502311938946117,65878.76923076925
49.625,0.875,0.25,0.0011020308708713966,75315.49450549451
49.625,1.125,0.25,0.000632004313798956,61708.43956043963
49.625,1.375,0.25,0.00039558132648818246,32863.02747252747
49.625,1.625,0.25,0.0002571361643365704,19444.950549450547
49.625,1.875,0.25,0.0007463211391156957,26798.11538461538
49.625,2.125,0.25,0.001203751471619244,24091.35164835165
49.625,2.375,0.25,0.00041015358706515947,34133.55494505495
49.625,2.625,0.25,0.002055228623010939,31140.087912087904
49.625,2.875,0.25,0.00179899087061556,38910.703296703294
49.625,3.125,0.25,0.0004378027043983582,61671.61538461536
49.625,3.375,0.25,0.00045666464642363393,48175.39560439559
49.625,3.625,0.25,0.001318491186895068,49298.774725274685
49.625,3.875,0.25,0.0007708492569417162,16864.516483516476
49.625,4.125,0.25,0.00016513643263567734,12111.197802197798
49.625,4.375,0.25,0.0011581904630484318,16404.901098901108
49.625,4.625,0.25,0.0017093329756569728,18720.752747252754
49.625,4.875,0.25,0.0004932531779244108,46629.19780219777
49.625,5.125,0.25,0.0002693586083138573,22275.13736263734
49.625,5.375,0.25,0.0013224053244979216,7561.978021978024
49.625,5.625,0.25,0.0002267036091131528,13233.13736263737
49.625,5.875,0.25,0.0003805126736257075,36792.46703296706
49.875,0.375,0.25,0.0007045064932015131,21291.499999999978
49.875,0.625,0.25,0.002513790120305469,20685.895604395606
49.875,1.125,0.25,0.0020170630909863044,65441.68131868131
49.875,1.625,0.25,0.00016538767621000522,24185.59890109888
49.875,1.875,0.25,0.0011226964866642528,21377.104395604387
49.875,2.125,0.25,9.991182232713573e-05,40035.3021978022
49.875,2.375,0.25,0.0007457207525297283,194442.75824175827
49.875,2.625,0.25,0.0007413676572562691,35070.318681318684
49.875,2.875,0.25,0.0016783591542433997,31578.461538461517
49.875,3.375,0.25,0.0018124436546563794,97106.46703296703
49.875,3.625,0.25,0.0003645365978720681,19202.461538461517
49.875,3.875,0.25,0.0005103632084833709,17634.499999999993
49.875,4.125,0.25,0.000482224166231325,24884.69230769233
49.875,4.375,0.25,0.0008752030218548293,9140.736263736264
49.875,4.625,0.25,0.0006237780441319828,78553.5824175823
49.875,4.875,0.25,0.00023498313587146715,25533.747252747216
50.125,1.375,0.25,0.0005556222310713042,28796.54395604391
50.125,1.625,0.25,0.00044067432572128014,38577.24175824176
50.125,1.875,0.25,0.0011907882713025697,50386.79120879121
50.125,2.125,0.25,0.00043787164031602286,29689.065934065922
50.125,2.375,0.25,0.00029886333406680776,30114.09890109887
50.125,2.625,0.25,5.7273245936038365e-05,34920.318681318684
50.125,2.875,0.25,0.0007822423815985359,30681.027472527472
50.125,3.125,0.25,0.0015652404174012996,76026.65934065932
50.125,3.375,0.25,0.0008882130981513671,77684.0604395604
50.125,3.625,0.25,0.0006395554236395801,43780.412087912075
50.125,3.875,0.25,0.0003973288890283216,67953.7802197802
50.125,4.125,0.25,0.0006672574420667638,35968.12637362631
50.125,4.625,0.25,0.0018271939235045406,3831.0109890109893
50.125,4.875,0.25,0.011299379790467244,11239.554945054944
50.375,1.625,0.25,0.0018259084637976717,45456.824175824186
50.375,1.875,0.25,0.00044527647732481795,24703.752747252754
50.375,2.125,0.25,0.001678993999852895,22037.00549450549
50.375,2.375,0.25,0.001112682301886552,42240.26923076923
50.375,2.625,0.25,0.0007852007882764597,157921.39010989008
50.375,2.875,0.25,0.0010768467139950413,416029.49999999994
50.375,3.125,0.25,0.0008693421821189926,250764.31868131863
50.375,3.375,0.25,0.0010479130676909107,214712.46703296702
50.375,3.625,0.25,0.0010389970737680382,204042.9230769231
50.375,3.875,0.25,0.0006239323525975603,60904.038461538476
50.375,4.125,0.25,0.00038204922809262544,26174.637362637368
50.625,1.625,0.25,0.002000303464841889,125980.88461538458
50.625,1.875,0.25,0.00023255906816648092,34399.86263736265
50.625,2.125,0.25,0.0008367657185920505,54973.57142857144
50.625,2.375,0.25,0.0014445577132102835,109376.03846153845
50.625,2.625,0.25,0.001203945774048723,184393.6868131868
50.625,2.875,0.25,0.0010429339662019217,233955.36813186822
50.625,3.125,0.25,0.001704443451474444,1040808.9505494509
50.875,1.625,0.25,0.00032093715215889056,28042.873626373592
50.875,1.875,0.25,0.0018044781930567056,133556.6153846153
50.875,2.125,0.25,0.0008910197719850456,76317.04945054943
50.875,2.375,0.25,0.001500765958694425,71963.25274725276
50.875,2.625,0.25,0.0016284188122400452,35003.28021978024
50.875,3.125,0.25,0.0005979349822584148,41810.56593406593
51.125,2.125,0.25,0.0034890057976650493,6018.906593406595
51.125,2.375,0.25,0.0007534425236306287,144669.29670329663
51.125,2.625,0.25,0.00046964802847821824,8517.016483516476
